post_id,title,body,tags
1001,Getting started with databases,A beginner overview of what databases are and when to use one.,basics
1002,Cache invalidation strategies for Redis TTL and write-through,How to stop serving outdated values: set a TTL and invalidate on write; write-through keeps cache and DB in sync.,"redis, caching"
1003,When indexes hurt: write amplification and planner mistakes,Adding an index speeds reads but slows writes; sometimes the planner ignores it and the query gets slower.,"postgres, indexing"
1004,Choosing a database for high-write feeds: Postgres vs MongoDB tradeoffs,For a social feed with heavy writes compare durability write throughput and query flexibility.,"postgres, mongodb"
1005,Why your worker queue dies on restart (and graceful shutdown),Background jobs stop after a deploy because in-flight work is killed; drain the queue on shutdown.,"queues, ops"
1006,Rate limiting and throttling: when to use which,Rate limiting caps request counts; throttling smooths bursts. When to reach for each.,"api, rate-limiting"
1007,Connection pooling in Prisma: sizing the pool,How to configure the connection pool size and why too many connections hurts.,"prisma, postgres"
1008,Understanding vector embeddings,What an embedding is: a numeric vector that captures meaning so similar text sits close together.,"ml, search"
1009,HNSW vs IVF: choosing an ANN index,The recall and latency tradeoffs between the two most common approximate nearest-neighbour indexes.,"search, indexing"
1010,Full-text search in Postgres with tsvector,How keyword search works in Postgres using tsvector and to_tsquery.,"postgres, search"
1011,Semantic search with pgvector,Build meaning-based search inside SQL by storing and querying embeddings with pgvector.,"pgvector, search"
1012,Debugging slow queries with EXPLAIN ANALYZE,Read the query plan to find why a specific query is slow and where time is spent.,"postgres, performance"
1013,Handling database migrations without downtime,How to run schema changes safely on a live database without taking it offline.,"migrations, ops"
1014,Preventing SQL injection in Node.js,How to use parameterised queries so user input can never alter your SQL.,"security, node"
1015,Designing a schema for a social feed,Data modelling choices for posts followers and timelines in a feed product.,"schema, design"
1016,What is database sharding,Splitting one dataset across multiple machines so no single node holds everything.,"scaling, databases"
1017,Replication lag: causes and fixes,Why a read replica falls behind the primary and how to reduce the delay.,"replication, ops"
1018,Optimistic vs pessimistic locking,Two strategies for handling concurrent writes and when each is the right choice.,concurrency
1019,Storing JSON in Postgres: jsonb basics,How to store index and query semi-structured JSON data using the jsonb type.,"postgres, json"
1020,Redis vs Memcached for caching,Comparing the two popular in-memory caches on features persistence and data types.,"redis, caching"
1021,Why my transactions deadlock and how to fix it,Deadlocks happen when two transactions wait on each other; consistent lock ordering avoids them.,"postgres, concurrency"
1022,Backing up PostgreSQL: pg_dump vs physical backups,The tradeoffs between logical dumps and physical backups for recovery.,"backup, ops"
1023,Introduction to database normalization,What normal forms are and why they reduce data duplication.,"schema, basics"
1024,Scaling Postgres write throughput,Techniques to accept more writes per second: batching tuning and offloading.,"scaling, postgres"
1025,Partitioning large tables in Postgres,Split a huge table into partitions so queries and writes touch less data.,"postgres, scaling"
1026,Choosing between SQL and NoSQL,How to decide based on data shape consistency needs and access patterns.,"databases, design"
1027,Measuring search quality with MRR and recall,What MRR and recall@k mean and how to compute them on a test set.,"search, evaluation"
1028,Why is my Redis memory usage growing,Diagnosing runaway memory: missing TTLs big keys and eviction policy.,"redis, ops"
1029,Setting up read replicas for scaling reads,How to add replicas so read traffic no longer hits the primary.,"scaling, replication"
1030,Understanding ACID transactions,What atomicity consistency isolation and durability guarantee.,"transactions, basics"
1031,Connection timeouts under load: tuning the pool,Requests time out under load when the pool is exhausted; how to size and queue safely.,"ops, performance"
1032,Vector database vs pgvector: when to move,Signs you have outgrown pgvector and should move to a standalone vector database.,"search, pgvector"
1033,How to add pgvector to an existing table,Step-by-step: install the extension add a vector column backfill embeddings.,"pgvector, postgres"
1034,Common API errors and what they mean,A reference list of frequent HTTP and API error codes.,api
1035,Graceful shutdown for Node.js services,How to catch termination signals and finish in-flight work before exit.,"node, ops"
